{"diffuse":[0.980392,0.980392,0.984314],"diffuseMapTiling":[1.000000,1.000000],"mapping_format":"path","normalMapTiling":[1.000000,1.000000],"specular":[0.456250,0.456250,0.456250],"specularAntialias":true,"specularMapTiling":[1.000000,1.000000]}
