{"model":{"version":2,"nodes":[{"name":"RootNode","position":[0,0,0],"rotation":[0,0,0],"scale":[1,1,1]},{"name":"xnt_jiantouhuang2_dong","position":[1.5378e-07,0.377726,1.13637e-07],"rotation":[-90,-0,0],"scale":[0.01,0.01,0.01]},{"name":"jiantouhuang2_dong","position":[0,-4.59444e-07,7.62939e-06],"rotation":[0,0,0],"scale":[1,1,1]}],"parents":[-1,0,1],"skins":[],"vertices":[{"position":{"type":"float32","components":3,"data":[11.6496,7.24489,-1.58697e-06,12.6293,12.6116,-2.05636e-06,9.5836,10.7029,-1.89245e-06,14.9938,8.85041,-1.72853e-06,12.6532,5.02257,-1.39326e-06,16.187,6.20899,-1.49757e-06,13.2491,2.69447,-1.19209e-06,16.9872,3.00513,-1.21444e-06,13.4519,0.319908,-9.83477e-07,17.2308,0.09471,-9.61125e-07,13.2714,-2.05466,-7.7486e-07,17.0141,-2.8157,-7.07805e-07,12.7127,-4.37075,-5.73695e-07,16.3428,-5.65445,-4.61936e-07,11.7907,-6.57135,-3.7998e-07,15.2352,-8.35164,-2.23517e-07,13.7209,-10.8408,-7.45058e-09,10.5297,-8.60226,-2.01166e-07,11.8402,-13.0608,1.86265e-07,8.96317,-10.4135,-4.47035e-08,9.27114,-15.1769,3.72529e-07,6.76029,-12.1805,1.11759e-07,4.15971,-13.7046,2.45869e-07,6.26215,-16.9818,5.28991e-07]},"normal":{"type":"float32","components":3,"data":[-4.21314e-11,8.7478e-08,1,-3.28612e-10,8.75221e-08,1,-3.28613e-10,8.75221e-08,1,-2.72686e-11,8.74757e-08,1,-1.55943e-10,8.74153e-08,1,-1.62301e-10,8.74151e-08,1,-7.73183e-10,8.73619e-08,1,-7.9529e-10,8.73579e-08,1,-7.18343e-10,8.73771e-08,1,-6.9498e-10,8.73818e-08,1,-3.08866e-10,8.71109e-08,1,-3.02066e-10,8.70912e-08,1,2.88601e-11,8.74365e-08,1,3.62744e-11,8.74592e-08,1,1.77102e-10,8.77124e-08,1,1.76606e-10,8.77098e-08,1,3.833e-11,8.70959e-08,1,3.69249e-11,8.70913e-08,1,2.37645e-10,8.7245e-08,1,2.56346e-10,8.72704e-08,1,3.87899e-10,8.727e-08,1,3.72373e-10,8.72276e-08,1,2.42577e-10,8.68734e-08,1,2.42577e-10,8.68734e-08,1]},"texCoord0":{"type":"float32","components":2,"data":[0.576229,0.622314,0.653176,0.693459,0.648002,0.62237,0.570219,0.693338,0.485048,0.60858,0.468001,0.677789,0.407192,0.582776,0.379528,0.648466,0.334331,0.54511,0.296732,0.605663,0.268259,0.496509,0.22165,0.550436,0.210604,0.438171,0.156133,0.484143,0.162784,0.371533,0.101792,0.408417,0.0599672,0.325122,0.125978,0.298233,0.0316871,0.23631,0.101092,0.220079,0.0176484,0.144168,0.0887375,0.138994,0.0892201,0.056974,0.0181968,0.0509639]}}],"meshes":[{"aabb":{"min":[4.15971,-16.9818,-2.05636e-06],"max":[17.2308,12.6116,5.28991e-07]},"vertices":0,"indices":[0,1,2,1,0,3,4,3,0,3,4,5,6,5,4,5,6,7,7,8,9,8,7,6,9,10,11,10,9,8,11,12,13,12,11,10,13,14,15,14,13,12,15,14,16,16,14,17,16,17,18,18,17,19,18,19,20,20,19,21,22,23,21,23,20,21],"type":"triangles","base":0,"count":66}],"meshInstances":[{"node":2,"mesh":0}]}}