{"model":{"version":2,"nodes":[{"name":"RootNode","position":[0,0,0],"rotation":[0,0,0],"scale":[1,1,1]},{"name":"xnt_jiantoulan_dong","position":[1.5378e-07,0.377726,1.13935e-07],"rotation":[-90,-0,0],"scale":[0.01,0.01,0.01]},{"name":"jiantoulan_dong","position":[0,0,0.719238],"rotation":[0,0,0],"scale":[1,1,1]}],"parents":[-1,0,1],"skins":[],"vertices":[{"position":{"type":"float32","components":3,"data":[21.3966,3.47131,-0.719252,17.6573,2.77832,-0.719239,17.8709,0.0514021,-0.719239,21.653,0.21365,-0.719252,20.6338,6.64876,-0.719252,17.0217,5.43808,-0.719239,19.3833,9.66775,-0.719252,16.2135,7.83425,-0.719239,17.6759,12.4539,-0.719252,14.7909,10.1665,-0.719239,15.5537,14.9388,-0.719252,13.0226,12.2465,-0.719239,12.9098,17.2057,-0.719252,10.793,14.1677,-0.719239,10.1632,18.836,-0.719252,8.27736,15.6508,-0.719239,6.11711,20.3779,-0.719252,4.73952,16.9859,-0.719239,19.0681,-9.52663,-0.719252,15.6645,-8.1486,-0.719239,13.9883,-10.8258,-0.719239,17.1071,-12.6577,-0.719252,20.6338,-6.22142,-0.719252,17.0217,-5.33525,-0.719239,21.3966,-3.04397,-0.719252,17.6573,-2.67548,-0.719239]},"normal":{"type":"float32","components":3,"data":[3.22001e-06,5.13806e-07,1,3.22286e-06,5.04199e-07,1,3.27889e-06,-7.55634e-09,1,3.27772e-06,6.54305e-09,1,3.09425e-06,1.0062e-06,1,3.16484e-06,9.59991e-07,1,2.9951e-06,1.49224e-06,1,3.0925e-06,1.41859e-06,1,2.7221e-06,1.9843e-06,1,2.73642e-06,1.97149e-06,1,2.37217e-06,2.37253e-06,1,2.38601e-06,2.3645e-06,1,1.95008e-06,2.7199e-06,1,1.95398e-06,2.71659e-06,1,1.47341e-06,3.02273e-06,1,1.43922e-06,3.03666e-06,1,1.20292e-06,3.17244e-06,1,1.19597e-06,3.16926e-06,1,2.98697e-06,-1.6195e-06,1,2.97853e-06,-1.65487e-06,1,2.90599e-06,-1.81976e-06,1,2.90606e-06,-1.82005e-06,1,3.1577e-06,-1.09733e-06,1,3.14945e-06,-1.14951e-06,1,3.26596e-06,-5.07245e-07,1,3.26375e-06,-5.25015e-07,1]},"texCoord0":{"type":"float32","components":2,"data":[0.745164,0.740128,0.694124,0.689634,0.759078,0.615502,0.81584,0.659464,0.665643,0.811287,0.621042,0.755032,0.579238,0.87119,0.541632,0.810085,0.488075,0.918362,0.45785,0.853438,0.394399,0.951641,0.371759,0.884023,0.300517,0.970208,0.285478,0.901087,0.20874,0.973606,0.201132,0.904209,0.121328,0.961751,0.120797,0.893314,0.958747,0.381185,0.890414,0.359754,0.909422,0.27039,0.979429,0.283949,0.923963,0.477757,0.858447,0.448506,0.875933,0.571284,0.814305,0.534461]}}],"meshes":[{"aabb":{"min":[4.73952,-12.6577,-0.719252],"max":[21.653,20.3779,-0.719239]},"vertices":0,"indices":[0,1,2,2,3,0,4,5,1,1,0,4,6,7,5,5,4,6,8,9,7,7,6,8,10,11,9,9,8,10,12,13,11,11,10,12,14,15,13,13,12,14,16,17,15,15,14,16,18,19,20,20,21,18,22,23,19,19,18,22,24,25,23,23,22,24,24,3,2,2,25,24],"type":"triangles","base":0,"count":72}],"meshInstances":[{"node":2,"mesh":0}]}}