{"model":{"version":2,"nodes":[{"name":"RootNode","position":[0,0,0],"rotation":[0,0,0],"scale":[1,1,1]},{"name":"xnt_jiantouhuang_dong","position":[1.5378e-07,0.377726,1.13637e-07],"rotation":[-90,-0,0],"scale":[0.01,0.01,0.01]},{"name":"jiantouhuang_dong","position":[0.692615,5.96046e-08,0.0864334],"rotation":[0,0,0],"scale":[1,1,1]}],"parents":[-1,0,1],"skins":[],"vertices":[{"position":{"type":"float32","components":3,"data":[-12.3422,7.24489,-0.0864267,-13.3219,12.6116,-0.0864267,-15.6864,8.85041,-0.0864267,-10.2762,10.7029,-0.0864267,-13.3458,5.02257,-0.0864267,-16.8796,6.20899,-0.0864267,-13.9417,2.69447,-0.0864267,-17.6798,3.00513,-0.0864267,-14.1445,0.319908,-0.0864267,-17.9234,0.0947094,-0.0864267,-13.9641,-2.05466,-0.0864267,-17.7067,-2.8157,-0.0864267,-13.4054,-4.37075,-0.0864267,-17.0354,-5.65445,-0.0864267,-12.4833,-6.57135,-0.0864267,-15.9278,-8.35164,-0.0864267,-14.4135,-10.8408,-0.0864267,-11.2223,-8.60226,-0.0864267,-12.5329,-13.0608,-0.0864267,-9.65578,-10.4135,-0.0864267,-9.96376,-15.1769,-0.0864267,-7.45291,-12.1805,-0.0864267,-4.85232,-13.7046,-0.0864267,-6.95476,-16.9818,-0.0864267]},"normal":{"type":"float32","components":3,"data":[0,0,1,0,0,1,0,0,1,0,0,1,0,0,1,0,0,1,0,0,1,0,0,1,0,0,1,0,0,1,0,0,1,0,0,1,0,0,1,0,0,1,0,0,1,0,0,1,0,0,1,0,0,1,0,0,1,0,0,1,0,0,1,0,0,1,0,0,1,0,0,1]},"texCoord0":{"type":"float32","components":2,"data":[0.576229,0.622314,0.653176,0.693459,0.570219,0.693338,0.648002,0.62237,0.485048,0.60858,0.468001,0.677789,0.407192,0.582776,0.379528,0.648466,0.334331,0.54511,0.296732,0.605663,0.268259,0.496509,0.22165,0.550436,0.210604,0.438171,0.156133,0.484143,0.162784,0.371533,0.101792,0.408417,0.0599672,0.325122,0.125978,0.298233,0.0316871,0.23631,0.101092,0.220079,0.0176484,0.144168,0.0887375,0.138994,0.0892201,0.056974,0.0181968,0.0509639]}}],"meshes":[{"aabb":{"min":[-17.9234,-16.9818,-0.0864267],"max":[-4.85232,12.6116,-0.0864267]},"vertices":0,"indices":[0,1,2,1,0,3,2,4,0,4,2,5,5,6,4,6,5,7,7,8,6,8,7,9,9,10,8,10,9,11,11,12,10,12,11,13,13,14,12,14,13,15,15,16,14,16,17,14,16,18,17,18,19,17,20,21,19,20,19,18,22,21,23,23,21,20],"type":"triangles","base":0,"count":66}],"meshInstances":[{"node":2,"mesh":0}]}}