{"model":{"version":2,"nodes":[{"name":"RootNode","position":[0,0,0],"rotation":[0,0,0],"scale":[1,1,1]},{"name":"yinying","position":[0,-7.59208e-05,0],"rotation":[-90,-0,0],"scale":[0.01,0.01,0.01]},{"name":" yinying","position":[0.0676225,-0.459274,4.99999e-05],"rotation":[0,0,0],"scale":[1,1,1]}],"parents":[-1,0,1],"skins":[],"vertices":[{"position":{"type":"float32","components":3,"data":[250,250,-5e-05,-250,250,-5e-05,-250,-250,-5e-05,250,-250,-5e-05]},"normal":{"type":"float32","components":3,"data":[0,0,1,0,0,1,0,0,1,0,0,1]},"texCoord0":{"type":"float32","components":2,"data":[0.999501,0.9995,0.000499755,0.999501,0.000499517,0.000499755,0.9995,0.000499517]}}],"meshes":[{"aabb":{"min":[-250,-250,-5e-05],"max":[250,250,-5e-05]},"vertices":0,"indices":[0,1,2,0,2,3],"type":"triangles","base":0,"count":6}],"meshInstances":[{"node":2,"mesh":0}]}}