{"diffuse":[1.000000,0.698039,0.094118],"diffuseMapTiling":[1.000000,1.000000],"mapping_format":"path","normalMapTiling":[1.000000,1.000000],"specular":[0.168750,0.168750,0.168750],"specularAntialias":true,"specularMapTiling":[1.000000,1.000000]}
