{
    "model": {
        "version": 2,
        "nodes": [{
            "name": "RootNode",
            "position": [0, 0, 0],
            "rotation": [0, 0, 0],
            "scale": [1, 1, 1]
        }, {
            "name": "Box01",
            "position": [0, 8.49255e-07, 0],
            "rotation": [-90, -0, 0],
            "scale": [1, 1, 1]
        }],
        "parents": [-1, 0],
        "skins": [],
        "vertices": [{
            "position": {
                "type": "float32",
                "components": 3,
                "data": [-0.389815, -0.381961, 0.462724, 0.389815, -0.381961, 0.462724, 0.389815, 0.381961, 0.462724, -0.389815, 0.381961, 0.462724, 0.389815, 0.381961, -0.462724, 0.389815, -0.381961, -0.462724, -0.389815, -0.381961, -0.462724, -0.389815, 0.381961, -0.462724, 0.389815, 0.453401, 0.389815, 0.389815, 0.453401, -0.389815, -0.389815, 0.453401, -0.389815, -0.389815, 0.453401, 0.389815, 0.462724, -0.381961, 0.389815, 0.462724, -0.381961, -0.389815, 0.462724, 0.381961, -0.389815, 0.462724, 0.381961, 0.389815, -0.389815, -0.453401, 0.389815, -0.389815, -0.453401, -0.389815, 0.389815, -0.453401, -0.389815, 0.389815, -0.453401, 0.389815, -0.462724, 0.381961, 0.389815, -0.462724, 0.381961, -0.389815, -0.462724, -0.381961, -0.389815, -0.462724, -0.381961, 0.389815, -0.502959, -0.492826, 0.502959, -0.389815, -0.381961, 0.502959, -0.389815, 0.381961, 0.502959, -0.502959, 0.492826, 0.502959, 0.502959, -0.492826, 0.502959, 0.389815, -0.381961, 0.502959, 0.502959, 0.492826, 0.502959, 0.389815, 0.381961, 0.502959, 0.502959, 0.492826, -0.502959, 0.389815, 0.381961, -0.502959, -0.389815, 0.381961, -0.502959, -0.502959, 0.492826, -0.502959, 0.502959, -0.492826, -0.502959, 0.389815, -0.381961, -0.502959, -0.502959, -0.492826, -0.502959, -0.389815, -0.381961, -0.502959, 0.502959, 0.492826, 0.502959, 0.389815, 0.492826, 0.389815, -0.389815, 0.492826, 0.389815, -0.502959, 0.492826, 0.502959, 0.502959, 0.492826, -0.502959, 0.389815, 0.492826, -0.389815, -0.502959, 0.492826, -0.502959, -0.389815, 0.492826, -0.389815, 0.502959, -0.492826, 0.502959, 0.502959, -0.381961, 0.389815, 0.502959, 0.381961, 0.389815, 0.502959, 0.492826, 0.502959, 0.502959, -0.492826, -0.502959, 0.502959, -0.381961, -0.389815, 0.502959, 0.492826, -0.502959, 0.502959, 0.381961, -0.389815, -0.502959, -0.492826, 0.502959, -0.389815, -0.492826, 0.389815, 0.389815, -0.492826, 0.389815, 0.502959, -0.492826, 0.502959, -0.502959, -0.492826, -0.502959, -0.389815, -0.492826, -0.389815, 0.502959, -0.492826, -0.502959, 0.389815, -0.492826, -0.389815, -0.502959, 0.492826, 0.502959, -0.502959, 0.381961, 0.389815, -0.502959, -0.381961, 0.389815, -0.502959, -0.492826, 0.502959, -0.502959, 0.492826, -0.502959, -0.502959, 0.381961, -0.389815, -0.502959, -0.492826, -0.502959, -0.502959, -0.381961, -0.389815, -0.389815, -0.381961, 0.502959, -0.389815, -0.381961, 0.462724, -0.389815, 0.381961, 0.462724, -0.389815, 0.381961, 0.502959, 0.389815, -0.381961, 0.502959, 0.389815, -0.381961, 0.462724, -0.389815, -0.381961, 0.462724, -0.389815, -0.381961, 0.502959, 0.389815, 0.381961, 0.502959, 0.389815, 0.381961, 0.462724, 0.389815, -0.381961, 0.462724, 0.389815, -0.381961, 0.502959, -0.389815, 0.381961, 0.502959, -0.389815, 0.381961, 0.462724, 0.389815, 0.381961, 0.462724, 0.389815, 0.381961, 0.502959, 0.389815, 0.381961, -0.502959, 0.389815, 0.381961, -0.462724, -0.389815, 0.381961, -0.462724, -0.389815, 0.381961, -0.502959, 0.389815, -0.381961, -0.502959, 0.389815, -0.381961, -0.462724, 0.389815, 0.381961, -0.462724, 0.389815, 0.381961, -0.502959, -0.389815, -0.381961, -0.502959, -0.389815, -0.381961, -0.462724, 0.389815, -0.381961, -0.462724, 0.389815, -0.381961, -0.502959, -0.389815, 0.381961, -0.502959, -0.389815, 0.381961, -0.462724, -0.389815, -0.381961, -0.462724, -0.389815, -0.381961, -0.502959, 0.389815, 0.492826, 0.389815, 0.389815, 0.453401, 0.389815, -0.389815, 0.453401, 0.389815, -0.389815, 0.492826, 0.389815, 0.389815, 0.492826, -0.389815, 0.389815, 0.453401, -0.389815, 0.389815, 0.453401, 0.389815, 0.389815, 0.492826, 0.389815, -0.389815, 0.492826, -0.389815, -0.389815, 0.453401, -0.389815, 0.389815, 0.453401, -0.389815, 0.389815, 0.492826, -0.389815, -0.389815, 0.492826, 0.389815, -0.389815, 0.453401, 0.389815, -0.389815, 0.453401, -0.389815, -0.389815, 0.492826, -0.389815, 0.502959, -0.381961, 0.389815, 0.462724, -0.381961, 0.389815, 0.462724, 0.381961, 0.389815, 0.502959, 0.381961, 0.389815, 0.502959, -0.381961, -0.389815, 0.462724, -0.381961, -0.389815, 0.462724, -0.381961, 0.389815, 0.502959, -0.381961, 0.389815, 0.502959, 0.381961, -0.389815, 0.462724, 0.381961, -0.389815, 0.462724, -0.381961, -0.389815, 0.502959, -0.381961, -0.389815, 0.502959, 0.381961, 0.389815, 0.462724, 0.381961, 0.389815, 0.462724, 0.381961, -0.389815, 0.502959, 0.381961, -0.389815, -0.389815, -0.492826, 0.389815, -0.389815, -0.453401, 0.389815, 0.389815, -0.453401, 0.389815, 0.389815, -0.492826, 0.389815, -0.389815, -0.492826, -0.389815, -0.389815, -0.453401, -0.389815, -0.389815, -0.453401, 0.389815, -0.389815, -0.492826, 0.389815, 0.389815, -0.492826, -0.389815, 0.389815, -0.453401, -0.389815, -0.389815, -0.453401, -0.389815, -0.389815, -0.492826, -0.389815, 0.389815, -0.492826, 0.389815, 0.389815, -0.453401, 0.389815, 0.389815, -0.453401, -0.389815, 0.389815, -0.492826, -0.389815, -0.502959, 0.381961, 0.389815, -0.462724, 0.381961, 0.389815, -0.462724, -0.381961, 0.389815, -0.502959, -0.381961, 0.389815, -0.502959, 0.381961, -0.389815, -0.462724, 0.381961, -0.389815, -0.462724, 0.381961, 0.389815, -0.502959, 0.381961, 0.389815, -0.502959, -0.381961, -0.389815, -0.462724, -0.381961, -0.389815, -0.462724, 0.381961, -0.389815, -0.502959, 0.381961, -0.389815, -0.502959, -0.381961, 0.389815, -0.462724, -0.381961, 0.389815, -0.462724, -0.381961, -0.389815, -0.502959, -0.381961, -0.389815]
            },
            "normal": {
                "type": "float32",
                "components": 3,