{"diffuse":[1.000000,1.000000,1.000000],"diffuseMap":"../6ee6e9fb-9b8f-4188-ad22-9e6462184a4f/6ee6e9fb-9b8f-4188-ad22-9e6462184a4f.JPG","diffuseMapTiling":[1.000000,1.000000],"mapping_format":"path","normalMapTiling":[1.000000,1.000000],"specular":[0.125000,0.125000,0.125000],"specularAntialias":true,"specularMapTiling":[1.000000,1.000000]}
